Energy_MeV,F8 脉冲高度响应,Relative_Error
0,0.00086495,0.0013
0.01,0.000720639,0.0014
0.02,0.000151817,0.0031
0.03,1.58429e-05,0.0095
0.04,1.17243e-05,0.011
0.05,1.27657e-05,0.0106
0.06,1.28529e-05,0.0105
0.07,1.42957e-05,0.01
0.08,1.59829e-05,0.0095
0.09,1.858e-05,0.0088
0.1,2.05871e-05,0.0083
0.11,2.21329e-05,0.008
0.12,2.37514e-05,0.0078
0.13,2.41014e-05,0.0077
0.14,2.40686e-05,0.0077
0.15,2.37457e-05,0.0078
0.16,2.43571e-05,0.0077
0.17,2.48729e-05,0.0076
0.18,2.45829e-05,0.0076
0.19,2.22e-05,0.008
0.2,2.06129e-05,0.0083
0.21,1.99957e-05,0.0085
0.22,1.93357e-05,0.0086
0.23,1.94957e-05,0.0086
0.24,1.87971e-05,0.0087
0.25,1.87129e-05,0.0087
0.26,1.81943e-05,0.0089
0.27,1.77086e-05,0.009
0.28,1.75786e-05,0.009
0.29,1.79286e-05,0.0089
0.3,1.799e-05,0.0089
0.31,1.66786e-05,0.0093
0.32,1.47471e-05,0.0098
0.33,1.29771e-05,0.0105
0.34,1.23286e-05,0.0108
0.35,1.18314e-05,0.011
0.36,1.07871e-05,0.0115
0.37,1.01657e-05,0.0119
0.38,9.92571e-06,0.012
0.39,9.52714e-06,0.0122
0.4,9.32714e-06,0.0124
0.41,8.92429e-06,0.0127
0.42,8.55714e-06,0.0129
0.43,8.45286e-06,0.013
0.44,8.19429e-06,0.0132
0.45,8.08286e-06,0.0133
0.46,7.81286e-06,0.0135
0.47,7.74714e-06,0.0136
0.48,8.12143e-06,0.0133
0.49,9.65429e-06,0.0122
0.5,1.34229e-05,0.0103
0.51,1.70829e-05,0.0091
0.52,1.72543e-05,0.0091
0.53,1.364e-05,0.0102
0.54,9.29429e-06,0.0124
0.55,6.94571e-06,0.0143
0.56,6.05286e-06,0.0154
0.57,5.90571e-06,0.0156
0.58,5.68e-06,0.0159
0.59,5.38143e-06,0.0163
0.6,5.39857e-06,0.0163
0.61,5.15e-06,0.0167
0.62,5.25286e-06,0.0165
0.63,5.13429e-06,0.0167
0.64,5.16e-06,0.0166
0.65,4.90857e-06,0.0171
0.66,4.92143e-06,0.017
0.67,4.58429e-06,0.0177
0.68,4.63286e-06,0.0176
0.69,4.43429e-06,0.0179
0.7,4.47286e-06,0.0179
0.71,4.40714e-06,0.018
0.72,4.43286e-06,0.018
0.73,4.79286e-06,0.0173
0.74,5.57286e-06,0.016
0.75,6.50857e-06,0.0148
0.76,7.39714e-06,0.0139
0.77,7.63429e-06,0.0137
0.78,7.10857e-06,0.0142
0.79,6.07429e-06,0.0153
0.8,4.96571e-06,0.017
0.81,4.38857e-06,0.018
0.82,4.13286e-06,0.0186
0.83,4.39e-06,0.018
0.84,4.88143e-06,0.0171
0.85,4.88571e-06,0.0171
0.86,4.57714e-06,0.0177
0.87,4.35e-06,0.0181
0.88,4.37429e-06,0.0181
0.89,4.31571e-06,0.0182
0.9,4.03143e-06,0.0188
0.91,3.78429e-06,0.0194
0.92,3.48571e-06,0.0202
0.93,3.45571e-06,0.0203
0.94,3.36286e-06,0.0206
0.95,3.42429e-06,0.0204
0.96,3.47429e-06,0.0203
0.97,3.43143e-06,0.0204
0.98,3.59286e-06,0.0199
0.99,4.20429e-06,0.0184
1,4.58143e-06,0.0177
1.01,5.47571e-06,0.0162
1.02,5.31e-06,0.0164
1.03,4.64571e-06,0.0175
1.04,4.02571e-06,0.0188
1.05,3.30571e-06,0.0208
1.06,2.99714e-06,0.0218
1.07,2.94e-06,0.022
1.08,2.80571e-06,0.0226
1.09,2.98429e-06,0.0219
1.1,2.96143e-06,0.022
1.11,3.01714e-06,0.0218
1.12,3.01857e-06,0.0218
1.13,3.21714e-06,0.0211
1.14,3.49571e-06,0.0202
1.15,3.63143e-06,0.0198
1.16,3.78e-06,0.0194
1.17,3.58286e-06,0.02
1.18,3.48e-06,0.0203
1.19,3.24714e-06,0.021
1.2,3.03571e-06,0.0217
1.21,2.91143e-06,0.0222
1.22,2.83857e-06,0.0224
1.23,2.88714e-06,0.0222
1.24,2.89714e-06,0.0222
1.25,2.75571e-06,0.0228
1.26,2.85857e-06,0.0224
1.27,2.72286e-06,0.0229
1.28,2.81571e-06,0.0225
1.29,2.85714e-06,0.0224
1.3,2.81857e-06,0.0225
1.31,2.82714e-06,0.0225
1.32,3.01429e-06,0.0218
1.33,2.95571e-06,0.022
1.34,3.09714e-06,0.0215
1.35,3.09429e-06,0.0215
1.36,3.25143e-06,0.021
1.37,3.27571e-06,0.0209
1.38,3.23857e-06,0.021
1.39,3.28286e-06,0.0209
1.4,2.98143e-06,0.0219
1.41,2.96429e-06,0.022
1.42,2.81714e-06,0.0225
1.43,2.83e-06,0.0225
1.44,2.89429e-06,0.0222
1.45,2.78857e-06,0.0226
1.46,2.75429e-06,0.0228
1.47,2.72e-06,0.0229
1.48,2.63143e-06,0.0233
1.49,2.59857e-06,0.0234
1.5,2.83429e-06,0.0225
1.51,2.65714e-06,0.0232
1.52,2.56e-06,0.0236
1.53,2.57286e-06,0.0236
1.54,2.48286e-06,0.024
1.55,2.60571e-06,0.0234
1.56,2.75143e-06,0.0228
1.57,2.77143e-06,0.0227
1.58,2.80714e-06,0.0226
1.59,3.06857e-06,0.0216
1.6,3.42143e-06,0.0204
1.61,3.70286e-06,0.0196
1.62,3.54857e-06,0.0201
1.63,3.37143e-06,0.0206
1.64,3.14143e-06,0.0213
1.65,2.96143e-06,0.022
1.66,2.88286e-06,0.0223
1.67,2.68286e-06,0.0231
1.68,2.79571e-06,0.0226
1.69,3.04571e-06,0.0217
1.7,3.07e-06,0.0216
1.71,3.20429e-06,0.0211
1.72,3.20429e-06,0.0211
1.73,3.08571e-06,0.0215
1.74,2.90571e-06,0.0222
1.75,2.71714e-06,0.0229
1.76,2.56e-06,0.0236
1.77,2.58143e-06,0.0235
1.78,2.83857e-06,0.0224
1.79,3.13714e-06,0.0213
1.8,3.46143e-06,0.0203
1.81,3.59571e-06,0.0199
1.82,3.47857e-06,0.0203
1.83,3.16e-06,0.0213
1.84,2.83286e-06,0.0225
1.85,2.59857e-06,0.0234
1.86,2.40571e-06,0.0244
1.87,2.42e-06,0.0243
1.88,2.50857e-06,0.0239
1.89,2.45714e-06,0.0241
1.9,2.59429e-06,0.0235
1.91,2.58429e-06,0.0235
1.92,2.61714e-06,0.0234
1.93,2.63857e-06,0.0233
1.94,2.67143e-06,0.0231
1.95,2.64571e-06,0.0232
1.96,2.56429e-06,0.0236
1.97,2.63e-06,0.0233
1.98,2.55429e-06,0.0236
1.99,2.47e-06,0.024
2,2.46714e-06,0.0241
2.01,2.36143e-06,0.0246
2.02,2.43857e-06,0.0242
2.03,2.28e-06,0.025
2.04,2.28143e-06,0.025
2.05,2.25857e-06,0.0251
2.06,2.10286e-06,0.0261
2.07,2.12e-06,0.026
2.08,2.03857e-06,0.0265
2.09,2.05429e-06,0.0264
2.1,2.16e-06,0.0257
2.11,2.14714e-06,0.0258
2.12,2.11857e-06,0.026
2.13,2.17429e-06,0.0256
2.14,2.00714e-06,0.0267
2.15,2.11286e-06,0.026
2.16,2.18429e-06,0.0256
2.17,2.27714e-06,0.025
2.18,2.57714e-06,0.0235
2.19,2.98e-06,0.0219
2.2,3.56857e-06,0.02
2.21,3.84714e-06,0.0193
2.22,3.84e-06,0.0193
2.23,3.64e-06,0.0198
2.24,3.21857e-06,0.0211
2.25,2.79714e-06,0.0226
2.26,2.61857e-06,0.0234
2.27,2.54857e-06,0.0237
2.28,2.41286e-06,0.0243
2.29,2.42429e-06,0.0243
2.3,2.46e-06,0.0241
2.31,2.39857e-06,0.0244
2.32,2.27857e-06,0.025
2.33,2.17143e-06,0.0256
2.34,2e-06,0.0267
2.35,1.89571e-06,0.0275
2.36,2.01857e-06,0.0266
2.37,1.94e-06,0.0271
2.38,2.04429e-06,0.0264
2.39,1.99857e-06,0.0267
2.4,1.97429e-06,0.0269
2.41,1.93857e-06,0.0271
2.42,1.99e-06,0.0268
2.43,1.93143e-06,0.0272
2.44,1.96571e-06,0.027
2.45,2.01e-06,0.0267
2.46,2.01714e-06,0.0266
2.47,2.21714e-06,0.0254
2.48,2.27714e-06,0.025
2.49,2.25286e-06,0.0252
2.5,2.31571e-06,0.0248
2.51,2.14e-06,0.0258
2.52,2.18714e-06,0.0256
2.53,2.05714e-06,0.0264
2.54,1.96e-06,0.027
2.55,2e-06,0.0267
2.56,1.90143e-06,0.0274
2.57,1.9e-06,0.0274
2.58,1.90143e-06,0.0274
2.59,1.96143e-06,0.027
2.6,1.87143e-06,0.0276
2.61,1.89857e-06,0.0274
2.62,1.89429e-06,0.0275
2.63,2.03429e-06,0.0265
2.64,2.04286e-06,0.0264
2.65,2.15714e-06,0.0257
2.66,2.15429e-06,0.0258
2.67,2.14714e-06,0.0258
2.68,2.37571e-06,0.0245
2.69,2.25286e-06,0.0252
2.7,2.31571e-06,0.0248
2.71,2.45286e-06,0.0241
2.72,2.7e-06,0.023
2.73,2.78429e-06,0.0227
2.74,2.96429e-06,0.022
2.75,2.75286e-06,0.0228
2.76,2.58e-06,0.0235
2.77,2.56571e-06,0.0236
2.78,2.36286e-06,0.0246
2.79,2.32857e-06,0.0248
2.8,2.30143e-06,0.0249
2.81,2.39857e-06,0.0244
2.82,2.33571e-06,0.0247
2.83,2.37286e-06,0.0245
2.84,2.24857e-06,0.0252
2.85,2.17857e-06,0.0256
2.86,2.08857e-06,0.0262
2.87,2.02857e-06,0.0265
2.88,2.03143e-06,0.0265
2.89,1.97e-06,0.0269
2.9,2.06286e-06,0.0263
2.91,2.01286e-06,0.0266
2.92,2.03571e-06,0.0265
2.93,1.99857e-06,0.0267
2.94,1.98429e-06,0.0268
2.95,1.96714e-06,0.0269
2.96,1.99571e-06,0.0268
2.97,2.15429e-06,0.0258
2.98,2.14286e-06,0.0258
2.99,2.31429e-06,0.0248
3,2.39714e-06,0.0244
3.01,2.38571e-06,0.0245
3.02,2.19286e-06,0.0255
3.03,2.04714e-06,0.0264
3.04,1.98857e-06,0.0268
3.05,1.84571e-06,0.0278
3.06,1.92571e-06,0.0272
3.07,1.81e-06,0.0281
3.08,1.83571e-06,0.0279
3.09,1.74e-06,0.0287
3.1,1.84143e-06,0.0279
3.11,1.73143e-06,0.0287
3.12,1.87857e-06,0.0276
3.13,1.85143e-06,0.0278
3.14,1.95429e-06,0.027
3.15,2.12e-06,0.026
3.16,2.26143e-06,0.0251
3.17,2.33429e-06,0.0247
3.18,2.37714e-06,0.0245
3.19,2.46857e-06,0.0241
3.2,2.49429e-06,0.0239
3.21,2.55571e-06,0.0236
3.22,2.56571e-06,0.0236
3.23,2.65143e-06,0.0232
3.24,2.51571e-06,0.0238
3.25,2.53143e-06,0.0238
3.26,2.40429e-06,0.0244
3.27,2.17143e-06,0.0256
3.28,2.06143e-06,0.0263
3.29,2.03286e-06,0.0265
3.3,1.80571e-06,0.0281
3.31,1.94857e-06,0.0271
3.32,1.90571e-06,0.0274
3.33,2.03714e-06,0.0265
3.34,1.98e-06,0.0269
3.35,2.03571e-06,0.0265
3.36,1.99857e-06,0.0267
3.37,2.03714e-06,0.0265
3.38,2.11571e-06,0.026
3.39,2.24714e-06,0.0252
3.4,2.25571e-06,0.0252
3.41,2.25714e-06,0.0252
3.42,2.11143e-06,0.026
3.43,2.34714e-06,0.0247
3.44,2.11571e-06,0.026
3.45,2.16143e-06,0.0257
3.46,1.97429e-06,0.0269
3.47,1.91286e-06,0.0273
3.48,1.78286e-06,0.0283
3.49,1.83714e-06,0.0279
3.5,1.61143e-06,0.0298
3.51,1.69857e-06,0.029
3.52,1.56714e-06,0.0302
3.53,1.51857e-06,0.0307
3.54,1.57143e-06,0.0302
3.55,1.53143e-06,0.0305
3.56,1.48286e-06,0.031
3.57,1.48e-06,0.0311
3.58,1.52571e-06,0.0306
3.59,1.50143e-06,0.0308
3.6,1.43286e-06,0.0316
3.61,1.52429e-06,0.0306
3.62,1.49857e-06,0.0309
3.63,1.66286e-06,0.0293
3.64,1.64e-06,0.0295
3.65,1.74571e-06,0.0286
3.66,1.76286e-06,0.0285
3.67,1.87571e-06,0.0276
3.68,2.14143e-06,0.0258
3.69,2.22143e-06,0.0254
3.7,2.18571e-06,0.0256
3.71,2.22714e-06,0.0253
3.72,2.19143e-06,0.0255
3.73,2.35143e-06,0.0246
3.74,2.40571e-06,0.0244
3.75,2.36429e-06,0.0246
3.76,2.37286e-06,0.0245
3.77,2.10571e-06,0.026
3.78,1.82571e-06,0.028
3.79,1.61429e-06,0.0297
3.8,1.44143e-06,0.0315
3.81,1.27429e-06,0.0335
3.82,1.25714e-06,0.0337
3.83,1.24571e-06,0.0339
3.84,1.28857e-06,0.0333
3.85,1.34714e-06,0.0326
3.86,1.37429e-06,0.0322
3.87,1.47e-06,0.0312
3.88,1.46857e-06,0.0312
3.89,1.45857e-06,0.0313
3.9,1.54286e-06,0.0304
3.91,1.67286e-06,0.0292
3.92,1.67e-06,0.0292
3.93,1.75e-06,0.0286
3.94,1.65714e-06,0.0294
3.95,1.48429e-06,0.031
3.96,1.39714e-06,0.032
3.97,1.2e-06,0.0345
3.98,1.05429e-06,0.0368
3.99,1.01286e-06,0.0376
4,9.5e-07,0.0388
4.01,8.74286e-07,0.0404
4.02,9.47143e-07,0.0388
4.03,9.21429e-07,0.0394
4.04,8.9e-07,0.0401
4.05,7.91429e-07,0.0425
4.06,9.6e-07,0.0386
4.07,8.58571e-07,0.0408
4.08,8.31429e-07,0.0415
4.09,8.61429e-07,0.0407
4.1,8.94286e-07,0.04
4.11,8.72857e-07,0.0405
4.12,9.25714e-07,0.0393
4.13,8.71429e-07,0.0405
4.14,9.47143e-07,0.0388
4.15,9.85714e-07,0.0381
4.16,9.64286e-07,0.0385
4.17,9.22857e-07,0.0393
4.18,9.85714e-07,0.0381
4.19,9.64286e-07,0.0385
4.2,9.57143e-07,0.0386
4.21,8.88571e-07,0.0401
4.22,9.04286e-07,0.0397
4.23,8.4e-07,0.0412
4.24,8.3e-07,0.0415
4.25,7.88571e-07,0.0426
4.26,8.12857e-07,0.0419
4.27,8.31429e-07,0.0415
4.28,7.7e-07,0.0431
4.29,7.58571e-07,0.0434
4.3,7.82857e-07,0.0427
4.31,7.55714e-07,0.0435
4.32,7.88571e-07,0.0426
4.33,8.02857e-07,0.0422
4.34,7.58571e-07,0.0434
4.35,7.45714e-07,0.0438
4.36,7.52857e-07,0.0436
4.37,8e-07,0.0423
4.38,7.75714e-07,0.0429
4.39,8.31429e-07,0.0415
4.4,8.55714e-07,0.0409
4.41,9.44286e-07,0.0389
4.42,9.71429e-07,0.0383
4.43,9.02857e-07,0.0398
4.44,1.03857e-06,0.0371
4.45,9.92857e-07,0.0379
4.46,9.61429e-07,0.0385
4.47,9.21429e-07,0.0394
4.48,9.28571e-07,0.0392
4.49,8.48571e-07,0.041
4.5,7.8e-07,0.0428
4.51,7.94286e-07,0.0424
4.52,7.91429e-07,0.0425
4.53,6.95714e-07,0.0453
4.54,7.42857e-07,0.0439
4.55,7.42857e-07,0.0439
4.56,7.7e-07,0.0431
4.57,7.67143e-07,0.0432
4.58,7.27143e-07,0.0443
4.59,7.28571e-07,0.0443
4.6,8.07143e-07,0.0421
4.61,7.87143e-07,0.0426
4.62,8.05714e-07,0.0421
4.63,7.85714e-07,0.0426
4.64,7.7e-07,0.0431
4.65,8.08571e-07,0.042
4.66,7.87143e-07,0.0426
4.67,7.52857e-07,0.0436
4.68,7.52857e-07,0.0436
4.69,7.45714e-07,0.0438
4.7,7.98571e-07,0.0423
4.71,7.68571e-07,0.0431
4.72,6.74286e-07,0.046
4.73,7.51429e-07,0.0436
4.74,6.95714e-07,0.0453
4.75,7.27143e-07,0.0443
4.76,7.51429e-07,0.0436
4.77,6.95714e-07,0.0453
4.78,6.97143e-07,0.0453
4.79,6.85714e-07,0.0456
4.8,7.41429e-07,0.0439
4.81,7.48571e-07,0.0437
4.82,7.77143e-07,0.0429
4.83,6.82857e-07,0.0457
4.84,7.42857e-07,0.0439
4.85,7.42857e-07,0.0439
4.86,7.28571e-07,0.0443
4.87,6.48571e-07,0.0469
4.88,7.14286e-07,0.0447
4.89,7.31429e-07,0.0442
4.9,8.14286e-07,0.0419
4.91,7.81429e-07,0.0428
4.92,8.22857e-07,0.0417
4.93,7.47143e-07,0.0437
4.94,7.28571e-07,0.0443
4.95,7.3e-07,0.0442
4.96,7.5e-07,0.0436
4.97,7.54286e-07,0.0435
4.98,7.02857e-07,0.0451
4.99,7.25714e-07,0.0444
5,7.02857e-07,0.0451
5.01,7.07143e-07,0.0449
5.02,6.64286e-07,0.0464
5.03,6.71429e-07,0.0461
5.04,7.34286e-07,0.0441
5.05,7.54286e-07,0.0435
5.06,8.37143e-07,0.0413
5.07,8.72857e-07,0.0405
5.08,1.04e-06,0.0371
5.09,1.06286e-06,0.0367
5.1,1.27429e-06,0.0335
5.11,1.42857e-06,0.0316
5.12,1.41143e-06,0.0318
5.13,1.24143e-06,0.0339
5.14,1.14286e-06,0.0354
5.15,1.08e-06,0.0364
5.16,1.03857e-06,0.0371
5.17,9.48571e-07,0.0388
5.18,9.05714e-07,0.0397
5.19,9.37143e-07,0.039
5.2,8.74286e-07,0.0404
5.21,8.52857e-07,0.0409
5.22,8.05714e-07,0.0421
5.23,9.15714e-07,0.0395
5.24,9.52857e-07,0.0387
5.25,8.58571e-07,0.0408
5.26,9e-07,0.0398
5.27,8.85714e-07,0.0402
5.28,8.32857e-07,0.0414
5.29,8.64286e-07,0.0407
5.3,8.95714e-07,0.0399
5.31,8.8e-07,0.0403
5.32,8.57143e-07,0.0408
5.33,8.34286e-07,0.0414
5.34,7.7e-07,0.0431
5.35,7.37143e-07,0.044
5.36,8e-07,0.0423
5.37,8.4e-07,0.0412
5.38,8.77143e-07,0.0404
5.39,8.2e-07,0.0417
5.4,8.07143e-07,0.0421
5.41,8.44286e-07,0.0411
5.42,8.28571e-07,0.0415
5.43,8.35714e-07,0.0413
5.44,7.32857e-07,0.0442
5.45,7.48571e-07,0.0437
5.46,7.82857e-07,0.0427
5.47,7.97143e-07,0.0423
5.48,6.84286e-07,0.0457
5.49,7.32857e-07,0.0442
5.5,6.94286e-07,0.0454
5.51,6.82857e-07,0.0457
5.52,6.41429e-07,0.0472
5.53,6.71429e-07,0.0461
5.54,6.92857e-07,0.0454
5.55,7.11429e-07,0.0448
5.56,7.85714e-07,0.0426
5.57,9.37143e-07,0.039
5.58,1.01429e-06,0.0375
5.59,1.21571e-06,0.0343
5.6,1.41286e-06,0.0318
5.61,1.62143e-06,0.0297
5.62,1.67714e-06,0.0292
5.63,1.65286e-06,0.0294
5.64,1.55571e-06,0.0303
5.65,1.45286e-06,0.0314
5.66,1.20429e-06,0.0344
5.67,1.12286e-06,0.0357
5.68,9.42857e-07,0.0389
5.69,8.32857e-07,0.0414
5.7,7.45714e-07,0.0438
5.71,7.67143e-07,0.0432
5.72,7.92857e-07,0.0424
5.73,7.37143e-07,0.044
5.74,6.82857e-07,0.0457
5.75,7.21429e-07,0.0445
5.76,7.02857e-07,0.0451
5.77,7.44286e-07,0.0438
5.78,7.01429e-07,0.0451
5.79,6.74286e-07,0.046
5.8,7.3e-07,0.0442
5.81,7.3e-07,0.0442
5.82,7.04286e-07,0.045
5.83,6.91429e-07,0.0455
5.84,6.64286e-07,0.0464
5.85,7.31429e-07,0.0442
5.86,7.55714e-07,0.0435
5.87,7.74286e-07,0.043
5.88,7.92857e-07,0.0424
5.89,8.34286e-07,0.0414
5.9,8.58571e-07,0.0408
5.91,8.24286e-07,0.0416
5.92,8.14286e-07,0.0419
5.93,7.87143e-07,0.0426
5.94,7.04286e-07,0.045
5.95,6.91429e-07,0.0455
5.96,6.17143e-07,0.0481
5.97,6.22857e-07,0.0479
5.98,5.44286e-07,0.0512
5.99,5.05714e-07,0.0531
6,4.82857e-07,0.0544
6.01,4.67143e-07,0.0553
6.02,5.27143e-07,0.0521
6.03,4.45714e-07,0.0566
6.04,5.2e-07,0.0524
6.05,5.68571e-07,0.0501
6.06,6.35714e-07,0.0474
6.07,7.05714e-07,0.045
6.08,8.17143e-07,0.0418
6.09,8.95714e-07,0.0399
6.1,1.11429e-06,0.0358
6.11,1.32143e-06,0.0329
6.12,1.43714e-06,0.0315
6.13,1.51714e-06,0.0307
6.14,1.38143e-06,0.0322
6.15,1.28857e-06,0.0333
6.16,1.25143e-06,0.0338
6.17,1.02286e-06,0.0374
6.18,8.71429e-07,0.0405
6.19,6.91429e-07,0.0455
6.2,6.17143e-07,0.0481
6.21,5.4e-07,0.0514
6.22,4.72857e-07,0.055
6.23,5.07143e-07,0.0531
6.24,4.87143e-07,0.0542
6.25,4.8e-07,0.0546
6.26,4.62857e-07,0.0556
6.27,4.27143e-07,0.0578
6.28,4.1e-07,0.059
6.29,4.37143e-07,0.0572
6.3,4.87143e-07,0.0542
6.31,4.22857e-07,0.0581
6.32,4.17143e-07,0.0585
6.33,4.44286e-07,0.0567
6.34,4.35714e-07,0.0573
6.35,4.38571e-07,0.0571
6.36,5.14286e-07,0.0527
6.37,6.14286e-07,0.0482
6.38,6.05714e-07,0.0486
6.39,6.55714e-07,0.0467
6.4,6.81429e-07,0.0458
6.41,6.81429e-07,0.0458
6.42,7.02857e-07,0.0451
6.43,6.81429e-07,0.0458
6.44,7e-07,0.0452
6.45,5.54286e-07,0.0508
6.46,5.07143e-07,0.0531
6.47,5e-07,0.0535
6.48,4.65714e-07,0.0554
6.49,3.75714e-07,0.0617
6.5,3.65714e-07,0.0625
6.51,3.62857e-07,0.0627
6.52,3.7e-07,0.0621
6.53,4.07143e-07,0.0592
6.54,4.27143e-07,0.0578
6.55,3.87143e-07,0.0607
6.56,4.41429e-07,0.0569
6.57,5.28571e-07,0.052
6.58,5.87143e-07,0.0493
6.59,6.9e-07,0.0455
6.6,7.14286e-07,0.0447
6.61,6.87143e-07,0.0456
6.62,7.01429e-07,0.0451
6.63,6.24286e-07,0.0478
6.64,5.62857e-07,0.0504
6.65,5.32857e-07,0.0518
6.66,4.67143e-07,0.0553
6.67,4.54286e-07,0.0561
6.68,3.84286e-07,0.061
6.69,4.07143e-07,0.0592
6.7,3.65714e-07,0.0625
6.71,3.42857e-07,0.0645
6.72,3.31429e-07,0.0657
6.73,3.04286e-07,0.0685
6.74,3.01429e-07,0.0688
6.75,2.74286e-07,0.0722
6.76,3.01429e-07,0.0688
6.77,2.75714e-07,0.072
6.78,2.81429e-07,0.0712
6.79,2.78571e-07,0.0716
6.8,2.54286e-07,0.075
6.81,2.78571e-07,0.0716
6.82,2.5e-07,0.0756
6.83,2.51429e-07,0.0754
6.84,3.14286e-07,0.0674
6.85,2.72857e-07,0.0724
6.86,3.31429e-07,0.0657
6.87,3.51429e-07,0.0638
6.88,3.78571e-07,0.0614
6.89,3.68571e-07,0.0623
6.9,3.84286e-07,0.061
6.91,4.17143e-07,0.0585
6.92,4.21429e-07,0.0582
6.93,4.35714e-07,0.0573
6.94,3.9e-07,0.0605
6.95,3.78571e-07,0.0614
6.96,3.32857e-07,0.0655
6.97,2.8e-07,0.0714
6.98,2.21429e-07,0.0803
6.99,2.37143e-07,0.0776
7,1.82857e-07,0.0884
7.01,1.54286e-07,0.0962
7.02,1.94286e-07,0.0857
7.03,1.75714e-07,0.0902
7.04,1.47143e-07,0.0985
7.05,1.42857e-07,0.1
7.06,2.01429e-07,0.0842
7.07,2.54286e-07,0.075
7.08,2.91429e-07,0.07
7.09,3.02857e-07,0.0687
7.1,3.58571e-07,0.0631
7.11,3.58571e-07,0.0631
7.12,4.05714e-07,0.0593
7.13,3.97143e-07,0.06
7.14,3.88571e-07,0.0606
7.15,3.05714e-07,0.0684
7.16,2.54286e-07,0.075
7.17,2.14286e-07,0.0816
7.18,1.92857e-07,0.0861
7.19,1.9e-07,0.0867
7.2,1.51429e-07,0.0971
7.21,1.35714e-07,0.1026
7.22,1.3e-07,0.1048
7.23,1.31429e-07,0.1043
7.24,9.57143e-08,0.1222
7.25,1.14286e-07,0.1118
7.26,1.18571e-07,0.1098
7.27,1.21429e-07,0.1085
7.28,1.27143e-07,0.106
7.29,8.85714e-08,0.127
7.3,1.2e-07,0.1091
7.31,1.21429e-07,0.1085
7.32,1.18571e-07,0.1098
7.33,1.37143e-07,0.1021
7.34,1.27143e-07,0.106
7.35,1.27143e-07,0.106
7.36,1.4e-07,0.101
7.37,1.22857e-07,0.1078
7.38,1.38571e-07,0.1015
7.39,1.52857e-07,0.0967
7.4,1.25714e-07,0.1066
7.41,1.2e-07,0.1091
7.42,1.14286e-07,0.1118
7.43,1.17143e-07,0.1104
7.44,1.11429e-07,0.1132
7.45,9.28571e-08,0.124
7.46,9e-08,0.126
7.47,1e-07,0.1195
7.48,1.14286e-07,0.1118
7.49,1.01429e-07,0.1187
7.5,1.08571e-07,0.1147
7.51,1.08571e-07,0.1147
7.52,9.71429e-08,0.1213
7.53,1.08571e-07,0.1147
7.54,9e-08,0.126
7.55,9.57143e-08,0.1222
7.56,1.18571e-07,0.1098
7.57,1.07143e-07,0.1155
7.58,1.14286e-07,0.1118
7.59,8.57143e-08,0.1291
7.6,1.21429e-07,0.1085
7.61,1.15714e-07,0.1111
7.62,9.57143e-08,0.1222
7.63,9.85714e-08,0.1204
7.64,7.14286e-08,0.1414
7.65,7.28571e-08,0.14
7.66,9.28571e-08,0.124
7.67,8.28571e-08,0.1313
7.68,8.42857e-08,0.1302
7.69,9.14286e-08,0.125
7.7,9.28571e-08,0.124
7.71,8.57143e-08,0.1291
7.72,9.85714e-08,0.1204
7.73,8.28571e-08,0.1313
7.74,9e-08,0.126
7.75,9e-08,0.126
7.76,8.42857e-08,0.1302
7.77,8.28571e-08,0.1313
7.78,6.42857e-08,0.1491
7.79,8.28571e-08,0.1313
7.8,8.85714e-08,0.127
7.81,7.42857e-08,0.1387
7.82,7.57143e-08,0.1374
7.83,7.85714e-08,0.1348
7.84,8.71429e-08,0.128
7.85,8.85714e-08,0.127
7.86,9.14286e-08,0.125
7.87,8.57143e-08,0.1291
7.88,8.28571e-08,0.1313
7.89,7e-08,0.1429
7.9,9.14286e-08,0.125
7.91,8.71429e-08,0.128
7.92,9.85714e-08,0.1204
7.93,5.57143e-08,0.1601
7.94,6.57143e-08,0.1474
7.95,6.28571e-08,0.1508
7.96,8.42857e-08,0.1302
7.97,5.14286e-08,0.1667
7.98,5.71429e-08,0.1581
7.99,5.42857e-08,0.1622
8,7.71429e-08,0.1361
8.01,6e-08,0.1543
8.02,6e-08,0.1543
8.03,7.85714e-08,0.1348
8.04,6.85714e-08,0.1443
8.05,7.14286e-08,0.1414
8.06,6.71429e-08,0.1459
8.07,5.14286e-08,0.1667
8.08,6.85714e-08,0.1443
8.09,6.71429e-08,0.1459
8.1,7.71429e-08,0.1361
8.11,9e-08,0.126
8.12,7.85714e-08,0.1348
8.13,6.57143e-08,0.1474
8.14,7.85714e-08,0.1348
8.15,6.57143e-08,0.1474
8.16,6e-08,0.1543
8.17,6.14286e-08,0.1525
8.18,4.71429e-08,0.1741
8.19,5e-08,0.169
8.2,6.85714e-08,0.1443
8.21,5.57143e-08,0.1601
8.22,5.42857e-08,0.1622
8.23,4.85714e-08,0.1715
8.24,5.28571e-08,0.1644
8.25,3.42857e-08,0.2041
8.26,5.57143e-08,0.1601
8.27,5.42857e-08,0.1622
8.28,4.85714e-08,0.1715
8.29,5.42857e-08,0.1622
8.3,4.14286e-08,0.1857
8.31,3.42857e-08,0.2041
8.32,5.14286e-08,0.1667
8.33,6.57143e-08,0.1474
8.34,5.42857e-08,0.1622
8.35,6.42857e-08,0.1491
8.36,7.57143e-08,0.1374
8.37,6.28571e-08,0.1508
8.38,6.57143e-08,0.1474
8.39,4.42857e-08,0.1796
8.4,6.85714e-08,0.1443
8.41,5.57143e-08,0.1601
8.42,5.14286e-08,0.1667
8.43,5.57143e-08,0.1601
8.44,5.42857e-08,0.1622
8.45,6e-08,0.1543
8.46,3.85714e-08,0.1925
8.47,4.28571e-08,0.1826
8.48,2.71429e-08,0.2294
8.49,4.14286e-08,0.1857
8.5,4.14286e-08,0.1857
8.51,4e-08,0.189
8.52,4.14286e-08,0.1857
8.53,4.57143e-08,0.1768
8.54,4.71429e-08,0.1741
8.55,5.85714e-08,0.1562
8.56,4.14286e-08,0.1857
8.57,3.28571e-08,0.2085
8.58,4.42857e-08,0.1796
8.59,3.57143e-08,0.2
8.6,4.28571e-08,0.1826
8.61,4.42857e-08,0.1796
8.62,3.85714e-08,0.1925
8.63,3.28571e-08,0.2085
8.64,3.57143e-08,0.2
8.65,3e-08,0.2182
8.66,3.14286e-08,0.2132
8.67,2.71429e-08,0.2294
8.68,2.57143e-08,0.2357
8.69,2.28571e-08,0.25
8.7,3e-08,0.2182
8.71,3.57143e-08,0.2
8.72,4.28571e-08,0.1826
8.73,4.28571e-08,0.1826
8.74,5.42857e-08,0.1622
8.75,2.57143e-08,0.2357
8.76,3.42857e-08,0.2041
8.77,2.14286e-08,0.2582
8.78,3.42857e-08,0.2041
8.79,3.28571e-08,0.2085
8.8,4.85714e-08,0.1715
8.81,3e-08,0.2182
8.82,4.14286e-08,0.1857
8.83,3.42857e-08,0.2041
8.84,4.42857e-08,0.1796
8.85,5.28571e-08,0.1644
8.86,4e-08,0.189
8.87,3.57143e-08,0.2
8.88,2.85714e-08,0.2236
8.89,3.71429e-08,0.1961
8.9,3.42857e-08,0.2041
8.91,3.57143e-08,0.2
8.92,4.71429e-08,0.1741
8.93,4.42857e-08,0.1796
8.94,2.71429e-08,0.2294
8.95,5.85714e-08,0.1562
8.96,3.42857e-08,0.2041
8.97,3.57143e-08,0.2
8.98,2.71429e-08,0.2294
8.99,2.57143e-08,0.2357
9,2.28571e-08,0.25
9.01,2.28571e-08,0.25
9.02,2.57143e-08,0.2357
9.03,4.42857e-08,0.1796
9.04,1.85714e-08,0.2774
9.05,3.28571e-08,0.2085
9.06,3.42857e-08,0.2041
9.07,3.85714e-08,0.1925
9.08,2.85714e-08,0.2236
9.09,2.42857e-08,0.2425
9.1,1.85714e-08,0.2774
9.11,2.57143e-08,0.2357
9.12,4e-08,0.189
9.13,2.85714e-08,0.2236
9.14,1.85714e-08,0.2774
9.15,3.28571e-08,0.2085
9.16,3.42857e-08,0.2041
9.17,3.42857e-08,0.2041
9.18,2.28571e-08,0.25
9.19,2.71429e-08,0.2294
9.2,2.57143e-08,0.2357
9.21,2.71429e-08,0.2294
9.22,2.28571e-08,0.25
9.23,2.85714e-08,0.2236
9.24,2.85714e-08,0.2236
9.25,4.28571e-08,0.1826
9.26,2.57143e-08,0.2357
9.27,2.42857e-08,0.2425
9.28,3e-08,0.2182
9.29,2.28571e-08,0.25
9.3,3e-08,0.2182
9.31,2e-08,0.2673
9.32,1.42857e-08,0.3162
9.33,1.71429e-08,0.2887
9.34,2.28571e-08,0.25
9.35,2.71429e-08,0.2294
9.36,2.57143e-08,0.2357
9.37,2.85714e-08,0.2236
9.38,2e-08,0.2673
9.39,2.85714e-08,0.2236
9.4,3.14286e-08,0.2132
9.41,4e-08,0.189
9.42,3.14286e-08,0.2132
9.43,2.42857e-08,0.2425
9.44,3.14286e-08,0.2132
9.45,3.42857e-08,0.2041
9.46,2.71429e-08,0.2294
9.47,4e-08,0.189
9.48,3.14286e-08,0.2132
9.49,2.14286e-08,0.2582
9.5,3.14286e-08,0.2132
9.51,2.28571e-08,0.25
9.52,3.14286e-08,0.2132
9.53,2.85714e-08,0.2236
9.54,2.57143e-08,0.2357
9.55,3.85714e-08,0.1925
9.56,3.42857e-08,0.2041
9.57,2.71429e-08,0.2294
9.58,2.71429e-08,0.2294
9.59,2.28571e-08,0.25
9.6,2e-08,0.2673
9.61,2.42857e-08,0.2425
9.62,1.71429e-08,0.2887
9.63,2.71429e-08,0.2294
9.64,2.57143e-08,0.2357
9.65,2.42857e-08,0.2425
9.66,3e-08,0.2182
9.67,2.57143e-08,0.2357
9.68,4e-08,0.189
9.69,2.42857e-08,0.2425
9.7,3.14286e-08,0.2132
9.71,3.28571e-08,0.2085
9.72,3e-08,0.2182
9.73,3.42857e-08,0.2041
9.74,2e-08,0.2673
9.75,2.85714e-08,0.2236
9.76,2.85714e-08,0.2236
9.77,2.71429e-08,0.2294
9.78,2e-08,0.2673
9.79,2.14286e-08,0.2582
9.8,2e-08,0.2673
9.81,2.71429e-08,0.2294
9.82,4.28571e-08,0.1826
9.83,2.42857e-08,0.2425
9.84,2.85714e-08,0.2236
9.85,2.28571e-08,0.25
9.86,3.14286e-08,0.2132
9.87,2.71429e-08,0.2294
9.88,2.28571e-08,0.25
9.89,2.71429e-08,0.2294
9.9,2.14286e-08,0.2582
9.91,2.14286e-08,0.2582
9.92,1.85714e-08,0.2774
9.93,2.85714e-08,0.2236
9.94,2e-08,0.2673
9.95,3.28571e-08,0.2085
9.96,1.85714e-08,0.2774
9.97,3.85714e-08,0.1925
9.98,1.57143e-08,0.3015
9.99,2.71429e-08,0.2294
10,1.42857e-08,0.3162
10.01,3.14286e-08,0.2132
10.02,1.85714e-08,0.2774
10.03,1.71429e-08,0.2887
10.04,1.85714e-08,0.2774
10.05,2.85714e-08,0.2236
10.06,2.28571e-08,0.25
10.07,2.42857e-08,0.2425
10.08,2.57143e-08,0.2357
10.09,2.42857e-08,0.2425
10.1,1.71429e-08,0.2887
10.11,1.42857e-08,0.3162
10.12,2.28571e-08,0.25
10.13,3e-08,0.2182
10.14,2.28571e-08,0.25
10.15,2.42857e-08,0.2425
10.16,1.28571e-08,0.3333
10.17,2e-08,0.2673
10.18,1.85714e-08,0.2774
10.19,2.57143e-08,0.2357
10.2,2.14286e-08,0.2582
10.21,2e-08,0.2673
10.22,3.14286e-08,0.2132
10.23,1.71429e-08,0.2887
10.24,2.42857e-08,0.2425
10.25,1.57143e-08,0.3015
10.26,2.28571e-08,0.25
10.27,1.85714e-08,0.2774
10.28,1.85714e-08,0.2774
10.29,2e-08,0.2673
10.3,1.85714e-08,0.2774
10.31,2.42857e-08,0.2425
10.32,2e-08,0.2673
10.33,2.14286e-08,0.2582
10.34,1.71429e-08,0.2887
10.35,1.57143e-08,0.3015
10.36,2.28571e-08,0.25
10.37,1.85714e-08,0.2774
10.38,2.14286e-08,0.2582
10.39,1.85714e-08,0.2774
10.4,2.42857e-08,0.2425
10.41,2.14286e-08,0.2582
10.42,1.57143e-08,0.3015
10.43,2.28571e-08,0.25
10.44,1.71429e-08,0.2887
10.45,2e-08,0.2673
10.46,2e-08,0.2673
10.47,2e-08,0.2673
10.48,2.71429e-08,0.2294
10.49,2e-08,0.2673
10.5,2.14286e-08,0.2582
10.51,1.57143e-08,0.3015
10.52,2.28571e-08,0.25
10.53,1.85714e-08,0.2774
10.54,2.14286e-08,0.2582
10.55,2.14286e-08,0.2582
10.56,1e-08,0.378
10.57,1.57143e-08,0.3015
10.58,3.14286e-08,0.2132
10.59,1.14286e-08,0.3536
10.6,1.85714e-08,0.2774
10.61,2.28571e-08,0.25
10.62,2.57143e-08,0.2357
10.63,1.71429e-08,0.2887
10.64,1.42857e-08,0.3162
10.65,1.28571e-08,0.3333
10.66,2e-08,0.2673
10.67,2.57143e-08,0.2357
10.68,8.57143e-09,0.4082
10.69,7.14286e-09,0.4472
10.7,2e-08,0.2673
10.71,7.14286e-09,0.4472
10.72,1.57143e-08,0.3015
10.73,1.85714e-08,0.2774
10.74,2.57143e-08,0.2357
10.75,2.42857e-08,0.2425
10.76,1e-08,0.378
10.77,2.28571e-08,0.25
10.78,1.14286e-08,0.3536
10.79,1e-08,0.378
10.8,4.28571e-09,0.5774
10.81,2e-08,0.2673
10.82,1.85714e-08,0.2774
10.83,2.57143e-08,0.2357
10.84,1.57143e-08,0.3015
10.85,1.42857e-08,0.3162
10.86,1.57143e-08,0.3015
10.87,1.14286e-08,0.3536
10.88,8.57143e-09,0.4082
10.89,1.57143e-08,0.3015
10.9,1.42857e-08,0.3162
10.91,1.14286e-08,0.3536
10.92,2.28571e-08,0.25
10.93,1.14286e-08,0.3536
10.94,7.14286e-09,0.4472
10.95,1.71429e-08,0.2887
10.96,2e-08,0.2673
10.97,1.28571e-08,0.3333
10.98,1.14286e-08,0.3536
10.99,1e-08,0.378
11,8.57143e-09,0.4082
11.01,1.85714e-08,0.2774
11.02,8.57143e-09,0.4082
11.03,1.28571e-08,0.3333
11.04,1e-08,0.378
11.05,1.57143e-08,0.3015
11.06,5.71429e-09,0.5
11.07,1.57143e-08,0.3015
11.08,1e-08,0.378
11.09,1.14286e-08,0.3536
11.1,1.42857e-08,0.3162
11.11,1e-08,0.378
11.12,8.57143e-09,0.4082
11.13,1e-08,0.378
11.14,1.28571e-08,0.3333
11.15,8.57143e-09,0.4082
11.16,7.14286e-09,0.4472
11.17,1.42857e-08,0.3162
11.18,8.57143e-09,0.4082
11.19,4.28571e-09,0.5774
11.2,8.57143e-09,0.4082
11.21,1.14286e-08,0.3536
11.22,8.57143e-09,0.4082
11.23,1.14286e-08,0.3536
11.24,1.14286e-08,0.3536
11.25,1.14286e-08,0.3536
11.26,8.57143e-09,0.4082
11.27,5.71429e-09,0.5
11.28,1.14286e-08,0.3536
11.29,1.14286e-08,0.3536
11.3,1.85714e-08,0.2774
11.31,4.28571e-09,0.5774
11.32,1.42857e-08,0.3162
11.33,8.57143e-09,0.4082
11.34,1.14286e-08,0.3536
11.35,1e-08,0.378
11.36,1.28571e-08,0.3333
11.37,1.42857e-08,0.3162
11.38,1e-08,0.378
11.39,7.14286e-09,0.4472
11.4,4.28571e-09,0.5774
11.41,2.85714e-09,0.7071
11.42,7.14286e-09,0.4472
11.43,7.14286e-09,0.4472
11.44,8.57143e-09,0.4082
11.45,8.57143e-09,0.4082
11.46,7.14286e-09,0.4472
11.47,8.57143e-09,0.4082
11.48,8.57143e-09,0.4082
11.49,4.28571e-09,0.5774
11.5,5.71429e-09,0.5
11.51,5.71429e-09,0.5
11.52,7.14286e-09,0.4472
11.53,1.14286e-08,0.3536
11.54,7.14286e-09,0.4472
11.55,5.71429e-09,0.5
11.56,7.14286e-09,0.4472
11.57,2.85714e-09,0.7071
11.58,2.85714e-09,0.7071
11.59,7.14286e-09,0.4472
11.6,8.57143e-09,0.4082
11.61,5.71429e-09,0.5
11.62,2.85714e-09,0.7071
11.63,7.14286e-09,0.4472
11.64,1.42857e-09,1
11.65,8.57143e-09,0.4082
11.66,8.57143e-09,0.4082
11.67,0,0
11.68,5.71429e-09,0.5
11.69,8.57143e-09,0.4082
11.7,5.71429e-09,0.5
11.71,5.71429e-09,0.5
11.72,4.28571e-09,0.5774
11.73,1.42857e-09,1
11.74,5.71429e-09,0.5
11.75,1.42857e-09,1
11.76,2.85714e-09,0.7071
11.77,2.85714e-09,0.7071
11.78,5.71429e-09,0.5
11.79,4.28571e-09,0.5774
11.8,2.85714e-09,0.7071
11.81,7.14286e-09,0.4472
11.82,7.14286e-09,0.4472
11.83,0,0
11.84,1.42857e-09,1
11.85,2.85714e-09,0.7071
11.86,4.28571e-09,0.5774
11.87,4.28571e-09,0.5774
11.88,5.71429e-09,0.5
11.89,4.28571e-09,0.5774
11.9,0,0
11.91,2.85714e-09,0.7071
11.92,2.85714e-09,0.7071
11.93,1.42857e-09,1
11.94,2.85714e-09,0.7071
11.95,0,0
11.96,2.85714e-09,0.7071
11.97,4.28571e-09,0.5774
11.98,0,0
11.99,0,0
12,2.85714e-09,0.7071
12.01,2.85714e-09,0.7071
12.02,2.85714e-09,0.7071
12.03,2.85714e-09,0.7071
12.04,2.85714e-09,0.7071
12.05,1.42857e-09,1
12.06,5.71429e-09,0.5
12.07,4.28571e-09,0.5774
12.08,0,0
12.09,1.42857e-09,1
12.1,1.42857e-09,1
12.11,0,0
12.12,1.42857e-09,1
12.13,1.42857e-09,1
12.14,2.85714e-09,0.7071
12.15,2.85714e-09,0.7071
12.16,1.42857e-09,1
12.17,2.85714e-09,0.7071
12.18,2.85714e-09,0.7071
12.19,0,0
12.2,0,0
12.21,0,0
12.22,0,0
12.23,4.28571e-09,0.5774
12.24,4.28571e-09,0.5774
12.25,1.42857e-09,1
12.26,0,0
12.27,0,0
12.28,0,0
12.29,0,0
12.3,1.42857e-09,1
12.31,2.85714e-09,0.7071
12.32,1.42857e-09,1
12.33,1.42857e-09,1
12.34,0,0
12.35,0,0
12.36,0,0
12.37,1.42857e-09,1
12.38,0,0
12.39,0,0
12.4,0,0
12.41,1.42857e-09,1
12.42,0,0
12.43,0,0
12.44,0,0
12.45,0,0
12.46,0,0
12.47,0,0
12.48,0,0
12.49,2.85714e-09,0.7071
12.5,0,0
12.51,0,0
12.52,0,0
12.53,1.42857e-09,1
12.54,0,0
12.55,0,0
12.56,0,0
12.57,1.42857e-09,1
12.58,1.42857e-09,1
12.59,1.42857e-09,1
12.6,0,0
12.61,0,0
12.62,0,0
12.63,0,0
12.64,0,0
12.65,0,0
12.66,0,0
12.67,1.42857e-09,1
12.68,0,0
12.69,0,0
12.7,0,0
12.71,1.42857e-09,1
12.72,0,0
12.73,0,0
12.74,0,0
12.75,0,0
12.76,0,0
12.77,0,0
12.78,1.42857e-09,1
12.79,1.42857e-09,1
12.8,0,0
12.81,0,0
12.82,0,0
12.83,0,0
12.84,0,0
12.85,0,0
12.86,1.42857e-09,1
12.87,0,0
12.88,0,0
12.89,0,0
12.9,0,0
12.91,0,0
12.92,0,0
12.93,1.42857e-09,1
12.94,0,0
12.95,0,0
12.96,1.42857e-09,1
12.97,0,0
12.98,0,0
12.99,0,0
13,1.42857e-09,1
13.01,0,0
13.02,0,0
13.03,0,0
13.04,0,0
13.05,0,0
13.06,0,0
13.07,0,0
13.08,1.42857e-09,1
13.09,0,0
13.1,0,0
13.11,0,0
13.12,0,0
13.13,0,0
13.14,0,0
13.15,0,0
13.16,1.42857e-09,1
13.17,0,0
13.18,0,0
13.19,0,0
13.2,0,0
13.21,1.42857e-09,1
13.22,0,0
13.23,0,0
13.24,0,0
13.25,0,0
13.26,0,0
13.27,0,0
13.28,0,0
13.29,0,0
13.3,0,0
13.31,0,0
13.32,1.42857e-09,1
13.33,0,0
13.34,0,0
13.35,0,0
13.36,0,0
13.37,0,0
13.38,0,0
13.39,0,0
13.4,0,0
13.41,0,0
13.42,1.42857e-09,1
13.43,0,0
13.44,0,0
13.45,0,0
13.46,0,0
13.47,0,0
13.48,0,0
13.49,0,0
13.5,1.42857e-09,1
13.51,0,0
13.52,0,0
13.53,0,0
13.54,0,0
13.55,0,0
13.56,0,0
13.57,0,0
13.58,0,0
13.59,0,0
13.6,1.42857e-09,1
13.61,0,0
13.62,0,0
13.63,1.42857e-09,1
13.64,0,0
13.65,0,0
13.66,0,0
13.67,0,0
13.68,0,0
13.69,0,0
13.7,0,0
13.71,0,0
13.72,0,0
13.73,1.42857e-09,1
13.74,0,0
13.75,0,0
13.76,0,0
13.77,0,0
13.78,0,0
13.79,0,0
13.8,0,0
13.81,1.42857e-09,1
13.82,0,0
13.83,0,0
13.84,0,0
13.85,0,0
13.86,0,0
13.87,0,0
13.88,0,0
13.89,0,0
13.9,0,0
13.91,0,0
13.92,0,0
13.93,1.42857e-09,1
13.94,0,0
13.95,0,0
13.96,0,0
13.97,0,0
13.98,0,0
13.99,0,0
14,0,0
14.01,0,0
14.02,1.42857e-09,1
14.03,0,0
14.04,1.42857e-09,1
14.05,0,0
14.06,0,0
14.07,0,0
14.08,0,0
14.09,0,0
14.1,0,0
14.11,0,0
14.12,0,0
14.13,0,0
14.14,0,0
14.15,0,0
14.16,0,0
14.17,0,0
14.18,0,0
14.19,0,0
14.2,0,0
14.21,0,0
14.22,0,0
14.23,0,0
14.24,0,0
14.25,0,0
14.26,0,0
14.27,0,0
14.28,0,0
14.29,0,0
14.3,0,0
14.31,0,0
14.32,0,0
14.33,1.42857e-09,1
14.34,0,0
14.35,1.42857e-09,1
14.36,0,0
14.37,0,0
14.38,0,0
14.39,0,0
14.4,0,0
14.41,0,0
14.42,0,0
14.43,0,0
14.44,0,0
14.45,0,0
14.46,0,0
14.47,0,0
14.48,0,0
14.49,1.42857e-09,1
14.5,0,0
14.51,0,0
14.52,0,0
14.53,0,0
14.54,0,0
14.55,1.42857e-09,1
14.56,0,0
14.57,0,0
14.58,0,0
14.59,0,0
14.6,0,0
14.61,1.42857e-09,1
14.62,0,0
14.63,0,0
14.64,0,0
14.65,0,0
14.66,0,0
14.67,1.42857e-09,1
14.68,0,0
14.69,0,0
14.7,0,0
14.71,0,0
14.72,0,0
14.73,0,0
14.74,0,0
14.75,0,0
14.76,0,0
14.77,0,0
14.78,0,0
14.79,0,0
14.8,0,0
14.81,0,0
14.82,0,0
14.83,0,0
14.84,0,0
14.85,1.42857e-09,1
14.86,0,0
14.87,0,0
14.88,0,0
14.89,0,0
14.9,0,0
14.91,0,0
14.92,0,0
14.93,0,0
14.94,0,0
14.95,0,0
14.96,0,0
14.97,1.42857e-09,1
14.98,1.42857e-09,1
14.99,0,0
15,0,0
15.01,0,0
15.02,0,0
15.03,0,0
15.04,0,0
15.05,0,0
15.06,0,0
15.07,0,0
15.08,0,0
15.09,0,0
15.1,0,0
15.11,0,0
15.12,0,0
15.13,0,0
15.14,0,0
15.15,0,0
15.16,0,0
15.17,0,0
15.18,0,0
15.19,0,0
15.2,0,0
15.21,0,0
15.22,0,0
15.23,0,0
15.24,0,0
15.25,0,0
15.26,0,0
15.27,0,0
15.28,0,0
15.29,0,0
15.3,0,0
15.31,0,0
15.32,0,0
15.33,0,0
15.34,0,0
15.35,0,0
15.36,0,0
15.37,0,0
15.38,0,0
15.39,0,0
15.4,0,0
15.41,0,0
15.42,0,0
15.43,1.42857e-09,1
15.44,0,0
15.45,0,0
15.46,0,0
15.47,0,0
15.48,0,0
15.49,1.42857e-09,1
15.5,0,0
15.51,0,0
15.52,0,0
15.53,0,0
15.54,1.42857e-09,1
15.55,0,0
15.56,1.42857e-09,1
15.57,0,0
15.58,0,0
15.59,1.42857e-09,1
15.6,0,0
15.61,0,0
15.62,0,0
15.63,0,0
15.64,0,0
15.65,0,0
15.66,0,0
15.67,0,0
15.68,0,0
15.69,0,0
15.7,0,0
15.71,0,0
15.72,0,0
15.73,1.42857e-09,1
15.74,0,0
15.75,0,0
15.76,0,0
15.77,0,0
15.78,0,0
15.79,0,0
15.8,0,0
15.81,0,0
15.82,0,0
15.83,0,0
15.84,0,0
15.85,0,0
15.86,0,0
15.87,0,0
15.88,0,0
15.89,0,0
15.9,0,0
15.91,0,0
15.92,0,0
15.93,0,0
15.94,0,0
15.95,0,0
15.96,0,0
15.97,0,0
15.98,0,0
15.99,0,0
