Energy_MeV,Tally_Value,Relative_Error,One_Sigma
5.0,6.86e-07,0.0382,2.6205199999999996e-08
5.01,6.81e-07,0.0383,2.60823e-08
5.02,6.55e-07,0.0391,2.56105e-08
5.03,6.88e-07,0.0381,2.6212800000000004e-08
5.04,6.81e-07,0.0383,2.60823e-08
5.05,7.41e-07,0.0367,2.7194700000000003e-08
5.06,7.6e-07,0.0363,2.7588e-08
5.07,8.4e-07,0.0345,2.8980000000000002e-08
5.08,9.27e-07,0.0328,3.04056e-08
5.09,1.091e-06,0.0303,3.30573e-08
5.1,1.22e-06,0.0286,3.4892e-08
5.11,1.36e-06,0.0271,3.6855999999999996e-08
5.12,1.295e-06,0.0278,3.6001e-08
5.13,1.242e-06,0.0284,3.52728e-08
5.14,1.138e-06,0.0296,3.36848e-08
5.15,1.101e-06,0.0301,3.3140099999999996e-08
5.16,1.071e-06,0.0306,3.2772599999999997e-08
5.17,9.29e-07,0.0328,3.0471200000000006e-08
5.18,9.65e-07,0.0322,3.1073e-08
5.19,9.02e-07,0.0333,3.0036600000000004e-08
5.2,8.31e-07,0.0347,2.88357e-08
5.21,8.52e-07,0.0343,2.9223599999999996e-08
5.22,8.25e-07,0.0348,2.871e-08
5.23,8.39e-07,0.0345,2.8945500000000003e-08
5.24,8.14e-07,0.035,2.8490000000000002e-08
5.25,9.03e-07,0.0333,3.0069900000000005e-08
5.26,8.6e-07,0.0341,2.9326e-08
5.27,8.62e-07,0.0341,2.9394199999999996e-08
5.28,8.78e-07,0.0337,2.95886e-08
5.29,8.11e-07,0.0351,2.84661e-08
5.3,7.95e-07,0.0355,2.8222499999999997e-08
5.31,7.96e-07,0.0354,2.81784e-08
5.32,8.07e-07,0.0352,2.84064e-08
5.33,7.5e-07,0.0365,2.7375e-08
5.34,7.53e-07,0.0364,2.7409200000000002e-08
5.35,8.17e-07,0.035,2.8595000000000002e-08
5.36,7.77e-07,0.0359,2.78943e-08
5.37,8.03e-07,0.0353,2.83459e-08
5.38,8.03e-07,0.0353,2.83459e-08
5.39,8.51e-07,0.0343,2.9189299999999997e-08
5.4,8.55e-07,0.0342,2.9241e-08
5.41,8.19e-07,0.0349,2.85831e-08
5.42,8.47e-07,0.0344,2.91368e-08
5.43,8.39e-07,0.0345,2.8945500000000003e-08
5.44,7.75e-07,0.0359,2.78225e-08
5.45,7.45e-07,0.0366,2.7267e-08
5.46,6.87e-07,0.0382,2.62434e-08
5.47,7.37e-07,0.0368,2.7121599999999998e-08
5.48,7.31e-07,0.037,2.7046999999999997e-08
5.49,7.55e-07,0.0364,2.7482e-08
5.5,6.56e-07,0.039,2.5584000000000003e-08
5.51,6.33e-07,0.0397,2.51301e-08
5.52,6.68e-07,0.0387,2.58516e-08
5.53,6.47e-07,0.0393,2.5427100000000002e-08
5.54,6.99e-07,0.0378,2.64222e-08
5.55,7.13e-07,0.0375,2.67375e-08
5.56,7.98e-07,0.0354,2.82492e-08
5.57,8.23e-07,0.0349,2.87227e-08
5.58,1.008e-06,0.0315,3.1752e-08
5.59,1.24e-06,0.0284,3.5216e-08
5.6,1.424e-06,0.0265,3.7736e-08
5.61,1.61e-06,0.0249,4.0088999999999996e-08
5.62,1.623e-06,0.0248,4.0250399999999995e-08
5.63,1.602e-06,0.025,4.0050000000000005e-08
5.64,1.623e-06,0.0248,4.0250399999999995e-08
5.65,1.516e-06,0.0257,3.89612e-08
5.66,1.251e-06,0.0283,3.54033e-08
5.67,1.178e-06,0.0291,3.42798e-08
5.68,9.64e-07,0.0322,3.10408e-08
5.69,8.54e-07,0.0342,2.92068e-08
5.7,8.04e-07,0.0353,2.83812e-08
5.71,7.53e-07,0.0364,2.7409200000000002e-08
5.72,7.35e-07,0.0369,2.71215e-08
5.73,7.13e-07,0.0375,2.67375e-08
5.74,7.04e-07,0.0377,2.6540799999999995e-08
5.75,7.27e-07,0.0371,2.69717e-08
5.76,6.85e-07,0.0382,2.6167e-08
5.77,7.12e-07,0.0375,2.67e-08
5.78,7.12e-07,0.0375,2.67e-08
5.79,7.49e-07,0.0365,2.73385e-08
5.8,6.91e-07,0.038,2.6258e-08
5.81,7.2e-07,0.0373,2.6856e-08
5.82,7.31e-07,0.037,2.7046999999999997e-08
5.83,7.14e-07,0.0374,2.67036e-08
5.84,7.5e-07,0.0365,2.7375e-08
5.85,7.24e-07,0.0372,2.6932799999999996e-08
5.86,7.12e-07,0.0375,2.67e-08
5.87,8.04e-07,0.0353,2.83812e-08
5.88,7.7e-07,0.036,2.772e-08
5.89,7.8e-07,0.0358,2.7924e-08
5.9,7.68e-07,0.0361,2.77248e-08
5.91,8.29e-07,0.0347,2.87663e-08
5.92,8.22e-07,0.0349,2.86878e-08
5.93,7.82e-07,0.0358,2.79956e-08
5.94,7.25e-07,0.0371,2.6897500000000003e-08
5.95,6.57e-07,0.039,2.5623e-08
5.96,5.85e-07,0.0413,2.4160500000000003e-08
5.97,6.14e-07,0.0404,2.48056e-08
5.98,5.34e-07,0.0433,2.3122199999999998e-08
5.99,5.28e-07,0.0435,2.2967999999999998e-08
6.0,4.85e-07,0.0454,2.2019000000000003e-08
6.01,4.65e-07,0.0464,2.1575999999999997e-08
6.02,4.86e-07,0.0454,2.20644e-08
6.03,4.81e-07,0.0456,2.19336e-08
6.04,4.92e-07,0.0451,2.2189200000000002e-08
6.05,5.37e-07,0.0432,2.3198400000000002e-08
6.06,5.81e-07,0.0415,2.4111500000000004e-08
6.07,6.95e-07,0.0379,2.6340500000000003e-08
6.08,8.72e-07,0.0339,2.9560799999999998e-08
6.09,9.92e-07,0.0318,3.15456e-08
6.1,1.115e-06,0.0299,3.33385e-08
6.11,1.25e-06,0.0283,3.5375000000000004e-08
6.12,1.423e-06,0.0265,3.77095e-08
6.13,1.407e-06,0.0267,3.75669e-08
6.14,1.356e-06,0.0272,3.68832e-08
6.15,1.284e-06,0.0279,3.58236e-08
6.16,1.129e-06,0.0298,3.36442e-08
6.17,9.54e-07,0.0324,3.09096e-08
6.18,8.55e-07,0.0342,2.9241e-08
6.19,6.91e-07,0.038,2.6258e-08
6.2,6.55e-07,0.0391,2.56105e-08
6.21,5.07e-07,0.0444,2.25108e-08
6.22,4.98e-07,0.0448,2.23104e-08
6.23,4.87e-07,0.0453,2.2061099999999997e-08
6.24,4.52e-07,0.047,2.1244e-08
6.25,4.48e-07,0.0472,2.1145599999999998e-08
6.26,4.09e-07,0.0494,2.02046e-08
6.27,4.39e-07,0.0477,2.09403e-08
6.28,4.39e-07,0.0477,2.09403e-08
6.29,4.08e-07,0.0495,2.0196e-08
6.3,4.31e-07,0.0482,2.07742e-08
6.31,4.42e-07,0.0476,2.10392e-08
6.32,3.94e-07,0.0504,1.98576e-08
6.33,4.13e-07,0.0492,2.03196e-08
6.34,4.55e-07,0.0469,2.1339499999999997e-08
6.35,4.44e-07,0.0475,2.109e-08
6.36,5.04e-07,0.0445,2.2427999999999997e-08
6.37,5.19e-07,0.0439,2.2784100000000003e-08
6.38,6.36e-07,0.0397,2.52492e-08
6.39,6.17e-07,0.0403,2.48651e-08
6.4,6.83e-07,0.0383,2.6158899999999997e-08
6.41,7.05e-07,0.0377,2.65785e-08
6.42,7.03e-07,0.0377,2.6503099999999998e-08
6.43,6.92e-07,0.038,2.6296e-08
6.44,6.22e-07,0.0401,2.49422e-08
6.45,5.4e-07,0.043,2.322e-08
6.46,5.36e-07,0.0432,2.3155200000000002e-08
6.47,4.55e-07,0.0469,2.1339499999999997e-08
6.48,4.46e-07,0.0474,2.1140399999999998e-08
6.49,3.96e-07,0.0503,1.99188e-08
6.5,3.45e-07,0.0538,1.8561e-08
6.51,3.82e-07,0.0512,1.95584e-08
6.52,3.67e-07,0.0522,1.91574e-08
6.53,3.69e-07,0.0521,1.92249e-08
6.54,3.76e-07,0.0516,1.94016e-08
6.55,3.72e-07,0.0518,1.9269599999999998e-08
6.56,4.54e-07,0.0469,2.12926e-08
6.57,5.32e-07,0.0434,2.30888e-08
6.58,5.64e-07,0.0421,2.37444e-08
6.59,5.96e-07,0.041,2.4436e-08
6.6,6.76e-07,0.0385,2.6025999999999998e-08
6.61,7.25e-07,0.0371,2.6897500000000003e-08
6.62,7.29e-07,0.037,2.6973e-08
6.63,6.48e-07,0.0393,2.54664e-08
6.64,5.92e-07,0.0411,2.43312e-08
6.65,5.38e-07,0.0431,2.3187799999999998e-08
6.66,4.9e-07,0.0452,2.2147999999999998e-08
6.67,4.19e-07,0.0489,2.0489099999999998e-08
6.68,4.09e-07,0.0494,2.02046e-08
6.69,3.86e-07,0.0509,1.96474e-08
6.7,3.41e-07,0.0542,1.84822e-08
6.71,3.5e-07,0.0535,1.8724999999999997e-08
6.72,3.4e-07,0.0542,1.8427999999999998e-08
6.73,3.39e-07,0.0543,1.8407700000000002e-08
6.74,2.88e-07,0.0589,1.69632e-08
6.75,2.93e-07,0.0584,1.71112e-08
6.76,3.06e-07,0.0572,1.7503200000000002e-08
6.77,3.17e-07,0.0562,1.78154e-08
6.78,2.65e-07,0.0614,1.6271e-08
6.79,3e-07,0.0577,1.731e-08
6.8,2.82e-07,0.0595,1.6779e-08
6.81,2.76e-07,0.0602,1.6615199999999998e-08
6.82,2.47e-07,0.0636,1.57092e-08
6.83,2.77e-07,0.0601,1.66477e-08
6.84,2.72e-07,0.0606,1.64832e-08
6.85,3.14e-07,0.0564,1.77096e-08
6.86,3.24e-07,0.0556,1.8014399999999997e-08
6.87,3.02e-07,0.0575,1.7365e-08
6.88,3.33e-07,0.0548,1.82484e-08
6.89,3.57e-07,0.0529,1.88853e-08
6.9,4.02e-07,0.0499,2.00598e-08
6.91,4.31e-07,0.0482,2.07742e-08
6.92,3.76e-07,0.0516,1.94016e-08
6.93,3.99e-07,0.0501,1.99899e-08
6.94,3.85e-07,0.051,1.9635e-08
6.95,3.53e-07,0.0532,1.8779599999999998e-08
6.96,3.31e-07,0.055,1.8205e-08
6.97,2.88e-07,0.0589,1.69632e-08
6.98,2.42e-07,0.0643,1.55606e-08
6.99,2.02e-07,0.0704,1.4220800000000001e-08
7.0,1.69e-07,0.0769,1.2996099999999998e-08
