"category","case_name","original_path","new_path","bytes","sha256","input_echo","nps"
"Thickness","T01_H25_D01","F:\东华理工大学研究生\MCNP\mcnp5\模拟总数据\厚度优化\T01_H25_D01\结果输出\outp","F:\东华理工大学研究生\MCNP\DT_yield_project\results\01_Thickness_T\outputs\T01_H25_D01.outp","94941","697EE560C05408D00FA1F30CAF58F04389CD5E7B9A81AEC9B4BBDEE94670F169","T01_H25_D01.i","500000000"
"Thickness","T02_H25_D01","F:\东华理工大学研究生\MCNP\mcnp5\模拟总数据\厚度优化\T02_H25_D01\结果输出\outp","F:\东华理工大学研究生\MCNP\DT_yield_project\results\01_Thickness_T\outputs\T02_H25_D01.outp","94941","869C3AA87D4BD78EA97A5AE5A364238EA4C715F2B57B410F0656BB9E0B8C858C","T02_H25_D01.i","500000000"
"Thickness","T03_H25_D01","F:\东华理工大学研究生\MCNP\mcnp5\模拟总数据\厚度优化\T03_H25_D01\结果输出\outp","F:\东华理工大学研究生\MCNP\DT_yield_project\results\01_Thickness_T\outputs\T03_H25_D01.outp","94941","37DDEF048D1880AE5103506649B4DB372D878FF573C278BD303E1386769EC447","T03_H25_D01.i","500000000"
"Thickness","T04_H25_D01","F:\东华理工大学研究生\MCNP\mcnp5\模拟总数据\厚度优化\T04_H25_D01\结果输出\outp","F:\东华理工大学研究生\MCNP\DT_yield_project\results\01_Thickness_T\outputs\T04_H25_D01.outp","94941","4012E6FF1660332F2D198B800D8D70FBF19439C722E45432EDAB724BB5F206B2","T04_H25_D01.i","500000000"
"Thickness","T05_H25_D01","F:\东华理工大学研究生\MCNP\mcnp5\模拟总数据\厚度优化\T05_H25_D01\结果输出\outp","F:\东华理工大学研究生\MCNP\DT_yield_project\results\01_Thickness_T\outputs\T05_H25_D01.outp","94941","459375FC730074C91C1132AF69FAD9858F3611321059086EDAA38689027CC69C","T05_H25_D01.i","500000000"
"Thickness","T06_H25_D01","F:\东华理工大学研究生\MCNP\mcnp5\模拟总数据\厚度优化\T06_H25_D01\结果输出\outp","F:\东华理工大学研究生\MCNP\DT_yield_project\results\01_Thickness_T\outputs\T06_H25_D01.outp","94941","2CA0B07DDC46D18C231D93DAD02D169E2A17D48FF94817B0A34100638CFCA3EB","T06_H25_D01.i","500000000"
"Thickness","T07_H25_D01","F:\东华理工大学研究生\MCNP\mcnp5\模拟总数据\厚度优化\T07_H25_D01\结果输出\outp","F:\东华理工大学研究生\MCNP\DT_yield_project\results\01_Thickness_T\outputs\T07_H25_D01.outp","94941","45C5425A1F155EA4C80BBF250197970598C661F15C4C1000BAFBCD2AF584CD09","T07_H25_D01.i","500000000"
"Thickness","T08_H25_D01","F:\东华理工大学研究生\MCNP\mcnp5\模拟总数据\厚度优化\T08_H25_D01\结果输出\outp","F:\东华理工大学研究生\MCNP\DT_yield_project\results\01_Thickness_T\outputs\T08_H25_D01.outp","94941","E15849A6E4282D1D25CD5809C0FE0A4397A064902AA782862AB1D842DD2853CC","T08_H25_D01.i","500000000"
"Thickness","T09_H25_D01","F:\东华理工大学研究生\MCNP\mcnp5\模拟总数据\厚度优化\T09_H25_D01\结果输出\outp","F:\东华理工大学研究生\MCNP\DT_yield_project\results\01_Thickness_T\outputs\T09_H25_D01.outp","94775","A8B5D5C5F9DFC959C49D6526E6F3C20667A0CDE4A864605218BA2F279F966F0F","T09_H25_D01.i","500000000"
"Thickness","T10_H25_D01","F:\东华理工大学研究生\MCNP\mcnp5\模拟总数据\厚度优化\T10_H25_D01\结果输出\outp","F:\东华理工大学研究生\MCNP\DT_yield_project\results\01_Thickness_T\outputs\T10_H25_D01.outp","94941","2C84092EF35FD6745B83067C0CDE15FD8F9B8A6BC5B585F5B92FFA1261E39385","T10_H25_D01.i","500000000"
"Length","T04_H20_D01","F:\东华理工大学研究生\MCNP\mcnp5\模拟总数据\长度优化\T04\T04_H20_D01\结果输出\outp","F:\东华理工大学研究生\MCNP\DT_yield_project\results\02_Length_H\outputs\T04_H20_D01.outp","94941","AC1D7B9B9F780E1BD4844FCFEB0B0DCD8110AA8E6282E66A574F3B9CD6D23AB2","T04_H20_D01.i","500000000"
"Length","T04_H25_D01","F:\东华理工大学研究生\MCNP\mcnp5\模拟总数据\长度优化\T04\T04_H25_D01\结果输出\outp","F:\东华理工大学研究生\MCNP\DT_yield_project\results\02_Length_H\outputs\T04_H25_D01.outp","94941","3785CB0CE896A418960E01C200D30E39853ADF351430E274AA276B759C09138A","T04_H25_D01.i","500000000"
"Length","T04_H30_D01","F:\东华理工大学研究生\MCNP\mcnp5\模拟总数据\长度优化\T04\T04_H30_D01\结果输出\outp","F:\东华理工大学研究生\MCNP\DT_yield_project\results\02_Length_H\outputs\T04_H30_D01.outp","94941","3931BCC99CA9BDC0828D81A8BD886BCA5AC4B3E677D40D6F3B674341AD2F15EE","T04_H30_D01.i","500000000"
"Length","T04_H35_D01","F:\东华理工大学研究生\MCNP\mcnp5\模拟总数据\长度优化\T04\T04_H35_D01\结果输出\outp","F:\东华理工大学研究生\MCNP\DT_yield_project\results\02_Length_H\outputs\T04_H35_D01.outp","94941","83BB7FC3D733BF96173047EB78A6750938A084AEF64AFCB132C7D23D412AE012","T04_H35_D01.i","500000000"
"Length","T04_H40_D01","F:\东华理工大学研究生\MCNP\mcnp5\模拟总数据\长度优化\T04\T04_H40_D01\结果输出\outp","F:\东华理工大学研究生\MCNP\DT_yield_project\results\02_Length_H\outputs\T04_H40_D01.outp","94941","3A99D714B4BA59C5B8BE4AE89E1F3DDD4EB68F73B693076D7E8491FC718FF082","T04_H40_D01.i","500000000"
"Length","T04_H45_D01","F:\东华理工大学研究生\MCNP\mcnp5\模拟总数据\长度优化\T04\T04_H45_D01\结果输出\outp","F:\东华理工大学研究生\MCNP\DT_yield_project\results\02_Length_H\outputs\T04_H45_D01.outp","94941","291C8DF0F0DD246FE9F470D9C575522F1358BEBD664C01963BC4D8A03ADCAA5B","T04_H45_D01.i","500000000"
"Length","T04_H50_D01","F:\东华理工大学研究生\MCNP\mcnp5\模拟总数据\长度优化\T04\T04_H50_D01\结果输出\outp","F:\东华理工大学研究生\MCNP\DT_yield_project\results\02_Length_H\outputs\T04_H50_D01.outp","94941","68AAA3F6E7DFB70E3A08F55700D761B77A8A120FF7D2404BFE19ED16A5BF0C30","T04_H50_D01.i","500000000"
"Length","T05_H20_D01","F:\东华理工大学研究生\MCNP\mcnp5\模拟总数据\长度优化\T05\T05_H20_D01\结果输出\outp","F:\东华理工大学研究生\MCNP\DT_yield_project\results\02_Length_H\outputs\T05_H20_D01.outp","94941","D9FE14FB24ED0AD8885850FC5891D0C06F1158CF88869FA3D10D07CB9DFABA77","T05_H20_D01.i","500000000"
"Length","T05_H25_D01","F:\东华理工大学研究生\MCNP\mcnp5\模拟总数据\长度优化\T05\T05_H25_D01\结果输出\outp","F:\东华理工大学研究生\MCNP\DT_yield_project\results\02_Length_H\outputs\T05_H25_D01.outp","94941","E92FCD771783789418437F14E1E5A2DA9FF71FA97164AC3DB03A055002CBF79F","T05_H25_D01.i","500000000"
"Length","T05_H30_D01","F:\东华理工大学研究生\MCNP\mcnp5\模拟总数据\长度优化\T05\T05_H30_D01\结果输出\outp","F:\东华理工大学研究生\MCNP\DT_yield_project\results\02_Length_H\outputs\T05_H30_D01.outp","94941","00ED5B61DF375C51F7483883FEAE3252F341E7CD9955F5AAD27B8A2D44C2DBC7","T05_H30_D01.i","500000000"
"Length","T05_H35_D01","F:\东华理工大学研究生\MCNP\mcnp5\模拟总数据\长度优化\T05\T05_H35_D01\结果输出\outp","F:\东华理工大学研究生\MCNP\DT_yield_project\results\02_Length_H\outputs\T05_H35_D01.outp","94941","AFECF5B68B2C26A9851483B11000C5A01724BFA50D122A0D21BA545DD3C58820","T05_H35_D01.i","500000000"
"Length","T05_H40_D01","F:\东华理工大学研究生\MCNP\mcnp5\模拟总数据\长度优化\T05\T05_H40_D01\结果输出\outp","F:\东华理工大学研究生\MCNP\DT_yield_project\results\02_Length_H\outputs\T05_H40_D01.outp","94941","743B9044CFA733515A1467FD48A35932318B547C48DE8BA58FF9D13096852FB5","T05_H40_D01.i","500000000"
"Length","T05_H45_D01","F:\东华理工大学研究生\MCNP\mcnp5\模拟总数据\长度优化\T05\T05_H45_D01\结果输出\outp","F:\东华理工大学研究生\MCNP\DT_yield_project\results\02_Length_H\outputs\T05_H45_D01.outp","94941","28D25632891CC8F68114BF6B2C80B2BEF3EC7E7CCDC31C6A54D4B157D9DC7F7C","T05_H45_D01.i","500000000"
"Length","T05_H50_D01","F:\东华理工大学研究生\MCNP\mcnp5\模拟总数据\长度优化\T05\T05_H50_D01\结果输出\outp","F:\东华理工大学研究生\MCNP\DT_yield_project\results\02_Length_H\outputs\T05_H50_D01.outp","94941","4FEFCB78799E017A5E7DCC70483C773EAE2CF93880307B381B7997AD99B35D53","T05_H50_D01.i","500000000"
"Distance","T04_H25_D01","F:\东华理工大学研究生\MCNP\mcnp5\模拟总数据\距离优化\T04_H25\T04_H25_D01\结果输出\outp","F:\东华理工大学研究生\MCNP\DT_yield_project\results\03_Distance_D\outputs\T04_H25_D01.outp","94941","A43BF68D078CB6CF91B86DB4A46C83C5F025F5EB16286DE28DBAC6C9E7BC29A8","T04_H25_D01.i","500000000"
"Distance","T04_H25_D02","F:\东华理工大学研究生\MCNP\mcnp5\模拟总数据\距离优化\T04_H25\T04_H25_D02\结果输出\outp","F:\东华理工大学研究生\MCNP\DT_yield_project\results\03_Distance_D\outputs\T04_H25_D02.outp","94941","4C655EC4F72758785E070A4809778D106DF431B4D5C434928578B9477586D4D9","T04_H25_D02.i","500000000"
"Distance","T04_H25_D03","F:\东华理工大学研究生\MCNP\mcnp5\模拟总数据\距离优化\T04_H25\T04_H25_D03\结果输出\outp","F:\东华理工大学研究生\MCNP\DT_yield_project\results\03_Distance_D\outputs\T04_H25_D03.outp","94941","26238670CC3FE9C1F2A75C516A60639C4A208CC4B1E01D85C2EADB031E9AB068","T04_H25_D03.i","500000000"
"Distance","T04_H25_D04","F:\东华理工大学研究生\MCNP\mcnp5\模拟总数据\距离优化\T04_H25\T04_H25_D04\结果输出\outp","F:\东华理工大学研究生\MCNP\DT_yield_project\results\03_Distance_D\outputs\T04_H25_D04.outp","94941","748EE0B1CE0F301AAB615F65A3666E655E6D018FC9DCE3B4437B287218172EB2","T04_H25_D04.i","500000000"
"Distance","T05_H25_D01","F:\东华理工大学研究生\MCNP\mcnp5\模拟总数据\距离优化\T05_H25\T05_H25_D01\结果输出\outp","F:\东华理工大学研究生\MCNP\DT_yield_project\results\03_Distance_D\outputs\T05_H25_D01.outp","94941","7C9413704F277256CEADE197E284F467CD43FC9E37D63EDB3ACBAD29F2C3138C","T05_H25_D01.i","500000000"
"Distance","T05_H25_D02","F:\东华理工大学研究生\MCNP\mcnp5\模拟总数据\距离优化\T05_H25\T05_H25_D02\结果输出\outp","F:\东华理工大学研究生\MCNP\DT_yield_project\results\03_Distance_D\outputs\T05_H25_D02.outp","94941","9B01682E0EB3C4895E681CA93435ED02261B5F6D266AFFA74D8CFDCDA5025019","T05_H25_D02.i","500000000"
"Distance","T05_H25_D03","F:\东华理工大学研究生\MCNP\mcnp5\模拟总数据\距离优化\T05_H25\T05_H25_D03\结果输出\outp","F:\东华理工大学研究生\MCNP\DT_yield_project\results\03_Distance_D\outputs\T05_H25_D03.outp","94941","E59C7A48925A7177F1847EAF15953AC64318617B34955ACC9EE7D871F63ECBCE","T05_H25_D03.i","500000000"
"Distance","T05_H25_D04","F:\东华理工大学研究生\MCNP\mcnp5\模拟总数据\距离优化\T05_H25\T05_H25_D04\结果输出\outp","F:\东华理工大学研究生\MCNP\DT_yield_project\results\03_Distance_D\outputs\T05_H25_D04.outp","94941","D24E132A35DE536110107B72CBBEAC6977973529CE079BFEBF4A7DFECF31B31B","T05_H25_D04.i","500000000"
"NPS","T04_H25_D01_NPS1E8","F:\东华理工大学研究生\MCNP\mcnp5\模拟总数据\最终计数\T04_H25_D01\CaO_SourceCompare_1E8\Disk_D10\output\outp","F:\东华理工大学研究生\MCNP\DT_yield_project\results\04_NPS_Convergence\outputs\T04_H25_D01_NPS1E8.outp","94941","D72775B0B57B722AB34FE869F04AC7F632CA72878552520F8AD75BB66B1305BD","Disk_D10_1E8.i","100000000"
"NPS","T04_H25_D01_NPS3E8","F:\东华理工大学研究生\MCNP\mcnp5\模拟总数据\最终计数\T04_H25_D01\CaO_SourceCompare_3E8\Disk_D10\output\outp","F:\东华理工大学研究生\MCNP\DT_yield_project\results\04_NPS_Convergence\outputs\T04_H25_D01_NPS3E8.outp","94941","F94764FA5BDDF64EE1C1C98F341B171943151D1BB526D0633936B591355FF8F8","Disk_D10_3E8.i","300000000"
"NPS","T04_H25_D01_NPS5E8","F:\东华理工大学研究生\MCNP\mcnp5\模拟总数据\最终计数\T04_H25_D01\CaO_SourceCompare_5E8\Disk_D10\output\outp","F:\东华理工大学研究生\MCNP\DT_yield_project\results\04_NPS_Convergence\outputs\T04_H25_D01_NPS5E8.outp","94941","888118774DDEDA00A57F3D72F02040B03B658E3F53D663200D64BAA58EE5F4BF","Disk_D10_5E8.i","500000000"
"NPS","T04_H25_D01_NPS7E8","F:\东华理工大学研究生\MCNP\mcnp5\模拟总数据\最终计数\T04_H25_D01\CaO_SourceCompare_7E8\Disk_D10\output\outp","F:\东华理工大学研究生\MCNP\DT_yield_project\results\04_NPS_Convergence\outputs\T04_H25_D01_NPS7E8.outp","95277","8FF1AA2ADFED0A956C74FF9008F293ABF0FF6C0F3F1B89B4D1A6913C9730986C","Disk_D10_7E8.i","700000000"
"NPS","T04_H25_D01_NPS1E9","F:\东华理工大学研究生\MCNP\mcnp5\模拟总数据\最终计数\T04_H25_D01\CaO_SourceCompare_1E9\Disk_D10\output\outp","F:\东华理工大学研究生\MCNP\DT_yield_project\results\04_NPS_Convergence\outputs\T04_H25_D01_NPS1E9.outp","95277","3DC99D5F9DB7C43FBD957AB5EBFB1A1404BFB2263F1D2FB93F130CD1D4BFE44D","Disk_D10_1E9.i","1000000000"
"NPS","T05_H25_D01_NPS1E8","F:\东华理工大学研究生\MCNP\mcnp5\模拟总数据\最终计数\T05_H25_D01\CaO_SourceCompare_1E8\Disk_D10\output\outp","F:\东华理工大学研究生\MCNP\DT_yield_project\results\04_NPS_Convergence\outputs\T05_H25_D01_NPS1E8.outp","94941","4A120C7620FA76B27CA9CE19C4B47FEE2DB92D7EC827294D02CD5ADE48351BA4","Disk_D10_1E8.i","100000000"
"NPS","T05_H25_D01_NPS3E8","F:\东华理工大学研究生\MCNP\mcnp5\模拟总数据\最终计数\T05_H25_D01\CaO_SourceCompare_3E8\Disk_D10\output\outp","F:\东华理工大学研究生\MCNP\DT_yield_project\results\04_NPS_Convergence\outputs\T05_H25_D01_NPS3E8.outp","94941","45510557868AF51BCB9D2E705DF9B6D4514C348C2AADC7DD5FF94FC1F51D6B49","Disk_D10_3E8.i","300000000"
"NPS","T05_H25_D01_NPS5E8","F:\东华理工大学研究生\MCNP\mcnp5\模拟总数据\最终计数\T05_H25_D01\CaO_SourceCompare_5E8\Disk_D10\output\outp","F:\东华理工大学研究生\MCNP\DT_yield_project\results\04_NPS_Convergence\outputs\T05_H25_D01_NPS5E8.outp","94941","B52D29E559F1506B948D2376B78E161C9088AAD7133002028BE84F87942217DB","Disk_D10_5E8.i","500000000"
"NPS","T05_H25_D01_NPS7E8","F:\东华理工大学研究生\MCNP\mcnp5\模拟总数据\最终计数\T05_H25_D01\CaO_SourceCompare_7E8\Disk_D10\output\outp","F:\东华理工大学研究生\MCNP\DT_yield_project\results\04_NPS_Convergence\outputs\T05_H25_D01_NPS7E8.outp","95111","8A7A783112B5E919EC13F19875D2717EF0ADCD1153B67090E26723E0B3F997E3","Disk_D10_7E8.i","700000000"
"NPS","T05_H25_D01_NPS1E9","F:\东华理工大学研究生\MCNP\mcnp5\模拟总数据\最终计数\T05_H25_D01\CaO_SourceCompare_1E9\Disk_D10\output\outp","F:\东华理工大学研究生\MCNP\DT_yield_project\results\04_NPS_Convergence\outputs\T05_H25_D01_NPS1E9.outp","95111","3CEB6D32E56865764B5ECF0DC27A53F1EF793E56096234BCF28B088FA9BAAC67","Disk_D10_1E9.i","1000000000"
"Detector","D50H75_PTFE_Al_D5075_NPS5E8","F:\东华理工大学研究生\MCNP\mcnp5\H2O\data\outp","F:\东华理工大学研究生\MCNP\DT_yield_project\results\05_Detector_Geometry\outputs\D50H75_PTFE_Al_D5075_NPS5E8.outp","103808","394B3F553C7B932440476179C906CC834CE09E25025AB1CA081EA7E761262BCF","D5075.i","500000000"
"Detector","D50H75_PTFE_Al_A5075_NPS1E8","F:\东华理工大学研究生\MCNP\mcnp5\H2O\outp","F:\东华理工大学研究生\MCNP\DT_yield_project\results\05_Detector_Geometry\outputs\D50H75_PTFE_Al_A5075_NPS1E8.outp","103622","0A2A8ACE784D589A6C5337F3E5344BA26C8E74C7472B86EFCB76041D5AD9A756","A5075.i","100000000"
